<?xml version="1.0" encoding="UTF-8" standalone="yes"?>
<addon id="plugin.video.epicbox" name="Epicbox Wizard" version="1.0.6" provider-name="Silvox">
  <requires>
    <import addon="xbmc.python" version="2.1.0"/>
  </requires>
  <extension point="xbmc.python.pluginsource" library="default.py">
        <provides>video executable</provides>
  </extension>
  <extension point="xbmc.addon.metadata">
    <summary lang="en">Epicbox Wizard</summary>
    <description lang="en">Epicbox Build by Silvox</description>
    <platform>all</platform>
  </extension>
</addon>
